hostname,owner,department
laptop-001,employee-001,engineering
laptop-002,employee-002,engineering
laptop-003,employee-003,engineering
laptop-004,employee-004,engineering
laptop-005,employee-005,engineering
laptop-006,employee-006,engineering
laptop-007,employee-007,engineering
laptop-008,employee-008,engineering
laptop-009,employee-009,engineering
laptop-010,employee-010,engineering
laptop-011,employee-011,engineering
laptop-012,employee-012,engineering
laptop-013,employee-013,engineering
laptop-014,employee-014,engineering
laptop-015,employee-015,engineering
laptop-016,employee-016,engineering
laptop-017,employee-017,engineering
laptop-018,employee-018,engineering
laptop-019,employee-019,engineering
laptop-020,employee-020,engineering
laptop-021,employee-021,engineering
laptop-022,employee-022,engineering
laptop-023,employee-023,engineering
laptop-024,employee-024,engineering
laptop-025,employee-025,engineering
laptop-026,employee-026,engineering
laptop-027,employee-027,engineering
laptop-028,employee-028,engineering
laptop-029,employee-029,engineering
laptop-030,employee-030,engineering
laptop-031,employee-031,engineering
laptop-032,employee-032,engineering
laptop-033,employee-033,engineering
laptop-034,employee-034,engineering
laptop-035,employee-035,engineering
laptop-036,employee-036,engineering
laptop-037,employee-037,engineering
laptop-038,employee-038,engineering
laptop-039,employee-039,engineering
laptop-040,employee-040,engineering
laptop-041,employee-041,engineering
laptop-042,employee-042,engineering
laptop-043,employee-043,engineering
laptop-044,employee-044,engineering
laptop-045,employee-045,engineering
laptop-046,employee-046,engineering
laptop-047,employee-047,engineering
laptop-048,employee-048,engineering
laptop-049,employee-049,engineering
laptop-050,employee-050,engineering
laptop-051,employee-051,engineering
laptop-052,employee-052,engineering
laptop-053,employee-053,engineering
laptop-054,employee-054,engineering
laptop-055,employee-055,engineering
laptop-056,employee-056,engineering
laptop-057,employee-057,engineering
laptop-058,employee-058,engineering
laptop-059,employee-059,engineering
laptop-060,employee-060,engineering
laptop-061,employee-061,engineering
laptop-062,employee-062,engineering
laptop-063,employee-063,engineering
laptop-064,employee-064,engineering
laptop-065,employee-065,engineering
laptop-066,employee-066,engineering
laptop-067,employee-067,engineering
laptop-068,employee-068,engineering
laptop-069,employee-069,engineering
laptop-070,employee-070,engineering
laptop-071,employee-071,engineering
laptop-072,employee-072,engineering
laptop-073,employee-073,engineering
laptop-074,employee-074,engineering
laptop-075,employee-075,engineering
laptop-076,employee-076,engineering
laptop-077,employee-077,engineering
laptop-078,employee-078,engineering
laptop-079,employee-079,engineering
laptop-080,employee-080,engineering
laptop-081,employee-081,engineering
laptop-082,employee-082,engineering
laptop-083,employee-083,engineering
laptop-084,employee-084,engineering
laptop-085,employee-085,engineering
laptop-086,employee-086,engineering
laptop-087,employee-087,engineering
laptop-088,employee-088,engineering
laptop-089,employee-089,engineering
laptop-090,employee-090,engineering
laptop-091,employee-091,engineering
laptop-092,employee-092,engineering
laptop-093,employee-093,engineering
laptop-094,employee-094,engineering
laptop-095,employee-095,engineering
laptop-096,employee-096,engineering
laptop-097,employee-097,engineering
laptop-098,employee-098,engineering
laptop-099,employee-099,engineering
laptop-100,employee-100,engineering
laptop-101,employee-101,engineering
laptop-102,employee-102,engineering
laptop-103,employee-103,engineering
laptop-104,employee-104,engineering
laptop-105,employee-105,engineering
laptop-106,employee-106,engineering
laptop-107,employee-107,engineering
laptop-108,employee-108,engineering
laptop-109,employee-109,engineering
laptop-110,employee-110,engineering
laptop-111,employee-111,engineering
laptop-112,employee-112,engineering
laptop-113,employee-113,engineering
laptop-114,employee-114,engineering
laptop-115,employee-115,engineering
laptop-116,employee-116,engineering
laptop-117,employee-117,engineering
laptop-118,employee-118,engineering
laptop-119,employee-119,engineering
laptop-120,employee-120,engineering
laptop-121,employee-121,engineering
laptop-122,employee-122,engineering
laptop-123,employee-123,engineering
laptop-124,employee-124,engineering
laptop-125,employee-125,engineering
laptop-126,employee-126,engineering
laptop-127,employee-127,engineering
laptop-128,employee-128,engineering
laptop-129,employee-129,engineering
laptop-130,employee-130,engineering
laptop-131,employee-131,engineering
laptop-132,employee-132,engineering
laptop-133,employee-133,engineering
laptop-134,employee-134,engineering
laptop-135,employee-135,engineering
laptop-136,employee-136,engineering
laptop-137,employee-137,engineering
laptop-138,employee-138,engineering
laptop-139,employee-139,engineering
laptop-140,employee-140,engineering
laptop-141,employee-141,engineering
laptop-142,employee-142,engineering
laptop-143,employee-143,engineering
laptop-144,employee-144,engineering
laptop-145,employee-145,engineering
laptop-146,employee-146,engineering
laptop-147,employee-147,engineering
laptop-148,employee-148,engineering
laptop-149,employee-149,engineering
laptop-150,employee-150,engineering
laptop-151,employee-151,engineering
laptop-152,employee-152,engineering
laptop-153,employee-153,engineering
laptop-154,employee-154,engineering
laptop-155,employee-155,engineering
laptop-156,employee-156,engineering
laptop-157,employee-157,engineering
laptop-158,employee-158,engineering
laptop-159,employee-159,engineering
laptop-160,employee-160,engineering
laptop-161,employee-161,engineering
laptop-162,employee-162,engineering
laptop-163,employee-163,engineering
laptop-164,employee-164,engineering
laptop-165,employee-165,engineering
laptop-166,employee-166,engineering
laptop-167,employee-167,engineering
laptop-168,employee-168,engineering
laptop-169,employee-169,engineering
laptop-170,employee-170,engineering
laptop-171,employee-171,engineering
laptop-172,employee-172,engineering
laptop-173,employee-173,engineering
laptop-174,employee-174,engineering
laptop-175,employee-175,engineering
laptop-176,employee-176,engineering
laptop-177,employee-177,engineering
laptop-178,employee-178,engineering
laptop-179,employee-179,engineering
laptop-180,employee-180,engineering
laptop-181,employee-181,engineering
laptop-182,employee-182,engineering
laptop-183,employee-183,engineering
laptop-184,employee-184,engineering
laptop-185,employee-185,engineering
laptop-186,employee-186,engineering
laptop-187,employee-187,engineering
laptop-188,employee-188,engineering
laptop-189,employee-189,engineering
laptop-190,employee-190,engineering
laptop-191,employee-191,engineering
laptop-192,employee-192,engineering
laptop-193,employee-193,engineering
laptop-194,employee-194,engineering
laptop-195,employee-195,engineering
laptop-196,employee-196,engineering
laptop-197,employee-197,engineering
laptop-198,employee-198,engineering
laptop-199,employee-199,engineering
laptop-200,employee-200,engineering
